path,label,split
data/raw\fail\IMG_0197.jpg,fail,train
data/raw\pass\IMG_0726.jpg,pass,train
data/raw\pass\IMG_0448.jpg,pass,train
data/raw\fail\IMG_0163.jpg,fail,train
data/raw\fail\IMG_0422.jpg,fail,train
data/raw\fail\IMG_0386.jpg,fail,train
data/raw\fail\IMG_0496.jpg,fail,train
data/raw\fail\IMG_0514.jpg,fail,train
data/raw\pass\IMG_0001.jpg,pass,train
data/raw\fail\IMG_0034.jpg,fail,train
data/raw\pass\IMG_0002.jpg,pass,train
data/raw\pass\IMG_9996.jpg,pass,train
data/raw\fail\IMG_0122.jpg,fail,train
data/raw\pass\IMG_0778.jpg,pass,train
data/raw\pass\IMG_0449.jpg,pass,train
data/raw\fail\IMG_0629.jpg,fail,train
data/raw\fail\IMG_0266.jpg,fail,train
data/raw\fail\IMG_0253.jpg,fail,train
data/raw\fail\IMG_0344.jpg,fail,train
data/raw\pass\IMG_0770.jpg,pass,train
data/raw\fail\IMG_0205.jpg,fail,train
data/raw\fail\IMG_0490.jpg,fail,train
data/raw\pass\IMG_0286.jpg,pass,train
data/raw\fail\IMG_0354.jpg,fail,train
data/raw\pass\IMG_0564.jpg,pass,train
data/raw\fail\IMG_0526.jpg,fail,train
data/raw\pass\IMG_9941.jpg,pass,train
data/raw\fail\IMG_0188.jpg,fail,train
data/raw\fail\IMG_0089.jpg,fail,train
data/raw\pass\IMG_0008.jpg,pass,train
data/raw\pass\IMG_0049.jpg,pass,train
data/raw\pass\IMG_0743.jpg,pass,train
data/raw\pass\IMG_0767.jpg,pass,train
data/raw\pass\IMG_9994.jpg,pass,train
data/raw\fail\IMG_0606.jpg,fail,train
data/raw\fail\IMG_0027.jpg,fail,train
data/raw\fail\IMG_0598.jpg,fail,train
data/raw\fail\IMG_0470.jpg,fail,train
data/raw\pass\IMG_0063.jpg,pass,train
data/raw\fail\IMG_0527.jpg,fail,train
data/raw\pass\IMG_0435.jpg,pass,train
data/raw\fail\IMG_0248.jpg,fail,train
data/raw\fail\IMG_0519.jpg,fail,train
data/raw\fail\IMG_0209.jpg,fail,train
data/raw\pass\IMG_0776.jpg,pass,train
data/raw\fail\IMG_0383.jpg,fail,train
data/raw\fail\IMG_0180.jpg,fail,train
data/raw\pass\IMG_0720.jpg,pass,train
data/raw\fail\IMG_0026.jpg,fail,train
data/raw\pass\IMG_0314.jpg,pass,train
data/raw\fail\IMG_0250.jpg,fail,train
data/raw\fail\IMG_0247.jpg,fail,train
data/raw\fail\IMG_0652.jpg,fail,train
data/raw\fail\IMG_0072.jpg,fail,train
data/raw\fail\IMG_0177.jpg,fail,train
data/raw\fail\IMG_0657.jpg,fail,train
data/raw\fail\IMG_0251.jpg,fail,train
data/raw\fail\IMG_0371.jpg,fail,train
data/raw\pass\IMG_0427.jpg,pass,train
data/raw\fail\IMG_0392.jpg,fail,train
data/raw\fail\IMG_0193.jpg,fail,train
data/raw\pass\IMG_0429.jpg,pass,train
data/raw\pass\IMG_9989.jpg,pass,train
data/raw\pass\IMG_0446.jpg,pass,train
data/raw\fail\IMG_0213.jpg,fail,train
data/raw\fail\IMG_0345.jpg,fail,train
data/raw\pass\IMG_0438.jpg,pass,train
data/raw\pass\IMG_0308.jpg,pass,train
data/raw\fail\IMG_0231.jpg,fail,train
data/raw\fail\IMG_0515.jpg,fail,train
data/raw\fail\IMG_0684.jpg,fail,train
data/raw\pass\IMG_0054.jpg,pass,train
data/raw\pass\IMG_9987.jpg,pass,train
data/raw\fail\IMG_0355.jpg,fail,train
data/raw\fail\IMG_0679.jpg,fail,train
data/raw\fail\IMG_0226.jpg,fail,train
data/raw\fail\IMG_0711.jpg,fail,train
data/raw\fail\IMG_0212.jpg,fail,train
data/raw\fail\IMG_0675.jpg,fail,train
data/raw\fail\IMG_0346.jpg,fail,train
data/raw\pass\IMG_9942.jpg,pass,train
data/raw\pass\IMG_0279.jpg,pass,train
data/raw\fail\IMG_0533.jpg,fail,train
data/raw\fail\IMG_0655.jpg,fail,train
data/raw\pass\IMG_0451.jpg,pass,train
data/raw\pass\IMG_9953.jpg,pass,train
data/raw\pass\IMG_0538.jpg,pass,train
data/raw\pass\IMG_0740.jpg,pass,train
data/raw\fail\IMG_0597.jpg,fail,train
data/raw\fail\IMG_0686.jpg,fail,train
data/raw\pass\IMG_0560.jpg,pass,train
data/raw\pass\IMG_9933.jpg,pass,train
data/raw\pass\IMG_9990.jpg,pass,train
data/raw\fail\IMG_0240.jpg,fail,train
data/raw\fail\IMG_0254.jpg,fail,train
data/raw\fail\IMG_0531.jpg,fail,train
data/raw\fail\IMG_0236.jpg,fail,train
data/raw\pass\IMG_0436.jpg,pass,train
data/raw\pass\IMG_0735.jpg,pass,train
data/raw\pass\IMG_0758.jpg,pass,train
data/raw\pass\IMG_0290.jpg,pass,train
data/raw\fail\IMG_0709.jpg,fail,train
data/raw\fail\IMG_0095.jpg,fail,train
data/raw\fail\IMG_0712.jpg,fail,train
data/raw\pass\IMG_0039.jpg,pass,train
data/raw\pass\IMG_0006.jpg,pass,train
data/raw\fail\IMG_0617.jpg,fail,train
data/raw\pass\IMG_0137.jpg,pass,train
data/raw\fail\IMG_0186.jpg,fail,train
data/raw\fail\IMG_0502.jpg,fail,train
data/raw\pass\IMG_0303.jpg,pass,train
data/raw\fail\IMG_0116.jpg,fail,train
data/raw\pass\IMG_0756.jpg,pass,train
data/raw\fail\IMG_0221.jpg,fail,train
data/raw\fail\IMG_0667.jpg,fail,train
data/raw\fail\IMG_0468.jpg,fail,train
data/raw\fail\IMG_0620.jpg,fail,train
data/raw\fail\IMG_0175.jpg,fail,train
data/raw\fail\IMG_0508.jpg,fail,train
data/raw\fail\IMG_0328.jpg,fail,train
data/raw\pass\IMG_0140.jpg,pass,train
data/raw\fail\IMG_0176.jpg,fail,train
data/raw\fail\IMG_0172.jpg,fail,train
data/raw\pass\IMG_9951.jpg,pass,train
data/raw\fail\IMG_0261.jpg,fail,train
data/raw\fail\IMG_0698.jpg,fail,train
data/raw\pass\IMG_0746.jpg,pass,train
data/raw\fail\IMG_0626.jpg,fail,train
data/raw\pass\IMG_0443.jpg,pass,train
data/raw\fail\IMG_0499.jpg,fail,train
data/raw\fail\IMG_0697.jpg,fail,train
data/raw\fail\IMG_0525.jpg,fail,train
data/raw\fail\IMG_0699.jpg,fail,train
data/raw\pass\IMG_0739.jpg,pass,train
data/raw\pass\IMG_0292.jpg,pass,train
data/raw\fail\IMG_0031.jpg,fail,train
data/raw\pass\IMG_0046.jpg,pass,train
data/raw\pass\IMG_0445.jpg,pass,train
data/raw\fail\IMG_0517.jpg,fail,train
data/raw\fail\IMG_0342.jpg,fail,train
data/raw\fail\IMG_0128.jpg,fail,train
data/raw\fail\IMG_0083.jpg,fail,train
data/raw\fail\IMG_0649.jpg,fail,train
data/raw\pass\IMG_0297.jpg,pass,train
data/raw\fail\IMG_0640.jpg,fail,train
data/raw\pass\IMG_0437.jpg,pass,train
data/raw\fail\IMG_0271.jpg,fail,train
data/raw\fail\IMG_0398.jpg,fail,train
data/raw\fail\IMG_0110.jpg,fail,train
data/raw\fail\IMG_0120.jpg,fail,train
data/raw\pass\IMG_0312.jpg,pass,train
data/raw\pass\IMG_0302.jpg,pass,train
data/raw\pass\IMG_0038.jpg,pass,train
data/raw\fail\IMG_0472.jpg,fail,train
data/raw\pass\IMG_0306.jpg,pass,train
data/raw\fail\IMG_0505.jpg,fail,train
data/raw\fail\IMG_0263.jpg,fail,train
data/raw\fail\IMG_0395.jpg,fail,train
data/raw\fail\IMG_0214.jpg,fail,train
data/raw\fail\IMG_0417.jpg,fail,train
data/raw\pass\IMG_9945.jpg,pass,train
data/raw\fail\IMG_0022.jpg,fail,train
data/raw\fail\IMG_0125.jpg,fail,train
data/raw\fail\IMG_0462.jpg,fail,train
data/raw\fail\IMG_0400.jpg,fail,train
data/raw\fail\IMG_0363.jpg,fail,train
data/raw\fail\IMG_0262.jpg,fail,train
data/raw\fail\IMG_0123.jpg,fail,train
data/raw\fail\IMG_0126.jpg,fail,train
data/raw\fail\IMG_0227.jpg,fail,train
data/raw\fail\IMG_0366.jpg,fail,train
data/raw\fail\IMG_0682.jpg,fail,train
data/raw\fail\IMG_0389.jpg,fail,train
data/raw\pass\IMG_0716.jpg,pass,train
data/raw\fail\IMG_0086.jpg,fail,train
data/raw\fail\IMG_0225.jpg,fail,train
data/raw\fail\IMG_0182.jpg,fail,train
data/raw\fail\IMG_0608.jpg,fail,train
data/raw\fail\IMG_0479.jpg,fail,train
data/raw\fail\IMG_0184.jpg,fail,train
data/raw\fail\IMG_0396.jpg,fail,train
data/raw\fail\IMG_0403.jpg,fail,train
data/raw\fail\IMG_0082.jpg,fail,train
data/raw\fail\IMG_0635.jpg,fail,train
data/raw\fail\IMG_0474.jpg,fail,train
data/raw\fail\IMG_0164.jpg,fail,train
data/raw\fail\IMG_0350.jpg,fail,train
data/raw\pass\IMG_9931.jpg,pass,train
data/raw\fail\IMG_0650.jpg,fail,train
data/raw\pass\IMG_0552.jpg,pass,train
data/raw\pass\IMG_0318.jpg,pass,train
data/raw\fail\IMG_0376.jpg,fail,train
data/raw\fail\IMG_0676.jpg,fail,train
data/raw\pass\IMG_9952.jpg,pass,train
data/raw\pass\IMG_0729.jpg,pass,train
data/raw\pass\IMG_0040.jpg,pass,train
data/raw\fail\IMG_0073.jpg,fail,train
data/raw\pass\IMG_9940.jpg,pass,train
data/raw\pass\IMG_9980.jpg,pass,train
data/raw\fail\IMG_0482.jpg,fail,train
data/raw\fail\IMG_0099.jpg,fail,train
data/raw\fail\IMG_0117.jpg,fail,train
data/raw\pass\IMG_0565.jpg,pass,train
data/raw\fail\IMG_0689.jpg,fail,train
data/raw\fail\IMG_0708.jpg,fail,train
data/raw\fail\IMG_0695.jpg,fail,train
data/raw\fail\IMG_0187.jpg,fail,train
data/raw\fail\IMG_0409.jpg,fail,train
data/raw\fail\IMG_0351.jpg,fail,train
data/raw\fail\IMG_0589.jpg,fail,train
data/raw\pass\IMG_9992.jpg,pass,train
data/raw\fail\IMG_0220.jpg,fail,train
data/raw\fail\IMG_0265.jpg,fail,train
data/raw\pass\IMG_0423.jpg,pass,train
data/raw\fail\IMG_0245.jpg,fail,train
data/raw\fail\IMG_0171.jpg,fail,train
data/raw\fail\IMG_0085.jpg,fail,train
data/raw\pass\IMG_0752.jpg,pass,train
data/raw\fail\IMG_0169.jpg,fail,train
data/raw\pass\IMG_0014.jpg,pass,train
data/raw\fail\IMG_0407.jpg,fail,train
data/raw\fail\IMG_0260.jpg,fail,train
data/raw\fail\IMG_0408.jpg,fail,train
data/raw\pass\IMG_0043.jpg,pass,train
data/raw\pass\IMG_9956.jpg,pass,train
data/raw\pass\IMG_0452.jpg,pass,train
data/raw\pass\IMG_0537.jpg,pass,train
data/raw\fail\IMG_0103.jpg,fail,train
data/raw\fail\IMG_0272.jpg,fail,train
data/raw\pass\IMG_0732.jpg,pass,train
data/raw\fail\IMG_0618.jpg,fail,train
data/raw\pass\IMG_0283.jpg,pass,train
data/raw\fail\IMG_0018.jpg,fail,train
data/raw\pass\IMG_0441.jpg,pass,train
data/raw\fail\IMG_0504.jpg,fail,train
data/raw\fail\IMG_0277.jpg,fail,train
data/raw\pass\IMG_9936.jpg,pass,train
data/raw\pass\IMG_9938.jpg,pass,train
data/raw\fail\IMG_0080.jpg,fail,train
data/raw\fail\IMG_0625.jpg,fail,train
data/raw\pass\IMG_0747.jpg,pass,train
data/raw\fail\IMG_0380.jpg,fail,train
data/raw\pass\IMG_9932.jpg,pass,train
data/raw\fail\IMG_0134.jpg,fail,train
data/raw\fail\IMG_0079.jpg,fail,train
data/raw\pass\IMG_0280.jpg,pass,train
data/raw\fail\IMG_0111.jpg,fail,train
data/raw\fail\IMG_0610.jpg,fail,train
data/raw\pass\IMG_0011.jpg,pass,train
data/raw\fail\IMG_0356.jpg,fail,train
data/raw\pass\IMG_0311.jpg,pass,train
data/raw\fail\IMG_0218.jpg,fail,train
data/raw\fail\IMG_0619.jpg,fail,train
data/raw\fail\IMG_0243.jpg,fail,train
data/raw\fail\IMG_0412.jpg,fail,train
data/raw\fail\IMG_0704.jpg,fail,train
data/raw\fail\IMG_0492.jpg,fail,train
data/raw\pass\IMG_0288.jpg,pass,train
data/raw\pass\IMG_0147.jpg,pass,train
data/raw\pass\IMG_0757.jpg,pass,train
data/raw\pass\IMG_0769.jpg,pass,train
data/raw\fail\IMG_0133.jpg,fail,train
data/raw\pass\IMG_0323.jpg,pass,train
data/raw\fail\IMG_0162.jpg,fail,train
data/raw\fail\IMG_0119.jpg,fail,train
data/raw\fail\IMG_0707.jpg,fail,train
data/raw\pass\IMG_9978.jpg,pass,train
data/raw\fail\IMG_0033.jpg,fail,train
data/raw\fail\IMG_0693.jpg,fail,train
data/raw\pass\IMG_0053.jpg,pass,train
data/raw\fail\IMG_0081.jpg,fail,train
data/raw\fail\IMG_0208.jpg,fail,train
data/raw\pass\IMG_9972.jpg,pass,train
data/raw\pass\IMG_0737.jpg,pass,train
data/raw\pass\IMG_0309.jpg,pass,train
data/raw\pass\IMG_0558.jpg,pass,train
data/raw\fail\IMG_0249.jpg,fail,train
data/raw\pass\IMG_0775.jpg,pass,train
data/raw\fail\IMG_0416.jpg,fail,train
data/raw\fail\IMG_0419.jpg,fail,train
data/raw\fail\IMG_0362.jpg,fail,train
data/raw\pass\IMG_0143.jpg,pass,train
data/raw\fail\IMG_0104.jpg,fail,train
data/raw\fail\IMG_0340.jpg,fail,train
data/raw\pass\IMG_0299.jpg,pass,train
data/raw\fail\IMG_0160.jpg,fail,train
data/raw\fail\IMG_0238.jpg,fail,train
data/raw\fail\IMG_0075.jpg,fail,train
data/raw\fail\IMG_0267.jpg,fail,train
data/raw\pass\IMG_0428.jpg,pass,train
data/raw\fail\IMG_0339.jpg,fail,train
data/raw\pass\IMG_0549.jpg,pass,train
data/raw\pass\IMG_0555.jpg,pass,train
data/raw\pass\IMG_9977.jpg,pass,train
data/raw\fail\IMG_0216.jpg,fail,train
data/raw\fail\IMG_0068.jpg,fail,train
data/raw\pass\IMG_0138.jpg,pass,train
data/raw\fail\IMG_0607.jpg,fail,train
data/raw\fail\IMG_0524.jpg,fail,train
data/raw\pass\IMG_0050.jpg,pass,train
data/raw\fail\IMG_0415.jpg,fail,train
data/raw\pass\IMG_0051.jpg,pass,train
data/raw\fail\IMG_0130.jpg,fail,train
data/raw\pass\IMG_0736.jpg,pass,train
data/raw\pass\IMG_0442.jpg,pass,train
data/raw\pass\IMG_9986.jpg,pass,train
data/raw\pass\IMG_0307.jpg,pass,train
data/raw\pass\IMG_0148.jpg,pass,train
data/raw\pass\IMG_0754.jpg,pass,train
data/raw\fail\IMG_0361.jpg,fail,train
data/raw\fail\IMG_0088.jpg,fail,train
data/raw\pass\IMG_0723.jpg,pass,train
data/raw\fail\IMG_0680.jpg,fail,train
data/raw\pass\IMG_0444.jpg,pass,train
data/raw\pass\IMG_0146.jpg,pass,train
data/raw\pass\IMG_0764.jpg,pass,train
data/raw\fail\IMG_0384.jpg,fail,train
data/raw\fail\IMG_0685.jpg,fail,train
data/raw\pass\IMG_0317.jpg,pass,train
data/raw\fail\IMG_0035.jpg,fail,train
data/raw\pass\IMG_9947.jpg,pass,train
data/raw\pass\IMG_9999.jpg,pass,train
data/raw\pass\IMG_0554.jpg,pass,train
data/raw\pass\IMG_0548.jpg,pass,train
data/raw\fail\IMG_0658.jpg,fail,train
data/raw\fail\IMG_0252.jpg,fail,train
data/raw\fail\IMG_0109.jpg,fail,train
data/raw\fail\IMG_0520.jpg,fail,train
data/raw\pass\IMG_0424.jpg,pass,train
data/raw\pass\IMG_9929.jpg,pass,train
data/raw\pass\IMG_0139.jpg,pass,train
data/raw\pass\IMG_9970.jpg,pass,train
data/raw\fail\IMG_0067.jpg,fail,train
data/raw\pass\IMG_0750.jpg,pass,train
data/raw\pass\IMG_0434.jpg,pass,train
data/raw\pass\IMG_0284.jpg,pass,train
data/raw\fail\IMG_0246.jpg,fail,train
data/raw\pass\IMG_0141.jpg,pass,train
data/raw\pass\IMG_0301.jpg,pass,train
data/raw\pass\IMG_0772.jpg,pass,train
data/raw\pass\IMG_0559.jpg,pass,train
data/raw\fail\IMG_0210.jpg,fail,train
data/raw\fail\IMG_0599.jpg,fail,train
data/raw\fail\IMG_0660.jpg,fail,train
data/raw\pass\IMG_0056.jpg,pass,train
data/raw\pass\IMG_0546.jpg,pass,train
data/raw\fail\IMG_0457.jpg,fail,train
data/raw\fail\IMG_0600.jpg,fail,train
data/raw\fail\IMG_0077.jpg,fail,train
data/raw\fail\IMG_0074.jpg,fail,train
data/raw\fail\IMG_0645.jpg,fail,train
data/raw\fail\IMG_0023.jpg,fail,train
data/raw\fail\IMG_0642.jpg,fail,train
data/raw\fail\IMG_0663.jpg,fail,train
data/raw\fail\IMG_0276.jpg,fail,train
data/raw\fail\IMG_0414.jpg,fail,train
data/raw\pass\IMG_0574.jpg,pass,train
data/raw\pass\IMG_0568.jpg,pass,train
data/raw\pass\IMG_0287.jpg,pass,train
data/raw\pass\IMG_9960.jpg,pass,train
data/raw\fail\IMG_0207.jpg,fail,train
data/raw\fail\IMG_0467.jpg,fail,train
data/raw\fail\IMG_0327.jpg,fail,train
data/raw\pass\IMG_0045.jpg,pass,train
data/raw\pass\IMG_0281.jpg,pass,train
data/raw\fail\IMG_0028.jpg,fail,train
data/raw\pass\IMG_0005.jpg,pass,train
data/raw\fail\IMG_0032.jpg,fail,train
data/raw\fail\IMG_0484.jpg,fail,train
data/raw\fail\IMG_0632.jpg,fail,train
data/raw\fail\IMG_0627.jpg,fail,train
data/raw\fail\IMG_0183.jpg,fail,train
data/raw\fail\IMG_0211.jpg,fail,train
data/raw\pass\IMG_0741.jpg,pass,train
data/raw\pass\IMG_0570.jpg,pass,train
data/raw\fail\IMG_0191.jpg,fail,train
data/raw\fail\IMG_0201.jpg,fail,train
data/raw\fail\IMG_0357.jpg,fail,train
data/raw\pass\IMG_9962.jpg,pass,train
data/raw\fail\IMG_0701.jpg,fail,train
data/raw\pass\IMG_9937.jpg,pass,train
data/raw\fail\IMG_0512.jpg,fail,train
data/raw\pass\IMG_0575.jpg,pass,train
data/raw\fail\IMG_0107.jpg,fail,train
data/raw\fail\IMG_0461.jpg,fail,train
data/raw\pass\IMG_0048.jpg,pass,train
data/raw\pass\IMG_9958.jpg,pass,train
data/raw\pass\IMG_0561.jpg,pass,train
data/raw\fail\IMG_0129.jpg,fail,train
data/raw\pass\IMG_0553.jpg,pass,train
data/raw\pass\IMG_0300.jpg,pass,train
data/raw\fail\IMG_0420.jpg,fail,train
data/raw\fail\IMG_0609.jpg,fail,train
data/raw\pass\IMG_0557.jpg,pass,train
data/raw\pass\IMG_9934.jpg,pass,train
data/raw\pass\IMG_0768.jpg,pass,train
data/raw\fail\IMG_0681.jpg,fail,train
data/raw\pass\IMG_9930.jpg,pass,train
data/raw\fail\IMG_0521.jpg,fail,train
data/raw\pass\IMG_0731.jpg,pass,train
data/raw\fail\IMG_0341.jpg,fail,train
data/raw\fail\IMG_0596.jpg,fail,train
data/raw\fail\IMG_0090.jpg,fail,train
data/raw\fail\IMG_0488.jpg,fail,train
data/raw\fail\IMG_0019.jpg,fail,train
data/raw\fail\IMG_0114.jpg,fail,train
data/raw\pass\IMG_9979.jpg,pass,train
data/raw\fail\IMG_0178.jpg,fail,train
data/raw\fail\IMG_0486.jpg,fail,train
data/raw\pass\IMG_0556.jpg,pass,train
data/raw\fail\IMG_0641.jpg,fail,train
data/raw\fail\IMG_0223.jpg,fail,train
data/raw\fail\IMG_0070.jpg,fail,train
data/raw\pass\IMG_9949.jpg,pass,train
data/raw\fail\IMG_0021.jpg,fail,train
data/raw\fail\IMG_0471.jpg,fail,train
data/raw\fail\IMG_0401.jpg,fail,train
data/raw\fail\IMG_0274.jpg,fail,train
data/raw\fail\IMG_0194.jpg,fail,train
data/raw\pass\IMG_0760.jpg,pass,train
data/raw\fail\IMG_0485.jpg,fail,train
data/raw\fail\IMG_0399.jpg,fail,train
data/raw\pass\IMG_9998.jpg,pass,train
data/raw\fail\IMG_0181.jpg,fail,train
data/raw\fail\IMG_0466.jpg,fail,train
data/raw\fail\IMG_0192.jpg,fail,train
data/raw\pass\IMG_9967.jpg,pass,train
data/raw\fail\IMG_0483.jpg,fail,train
data/raw\fail\IMG_0644.jpg,fail,train
data/raw\fail\IMG_0244.jpg,fail,train
data/raw\fail\IMG_0405.jpg,fail,train
data/raw\pass\IMG_0042.jpg,pass,train
data/raw\fail\IMG_0190.jpg,fail,train
data/raw\fail\IMG_0623.jpg,fail,train
data/raw\pass\IMG_9943.jpg,pass,train
data/raw\pass\IMG_0015.jpg,pass,train
data/raw\fail\IMG_0532.jpg,fail,train
data/raw\fail\IMG_0069.jpg,fail,train
data/raw\fail\IMG_0497.jpg,fail,train
data/raw\fail\IMG_0475.jpg,fail,train
data/raw\pass\IMG_9973.jpg,pass,train
data/raw\pass\IMG_9981.jpg,pass,train
data/raw\pass\IMG_0062.jpg,pass,train
data/raw\fail\IMG_0534.jpg,fail,train
data/raw\pass\IMG_0738.jpg,pass,train
data/raw\fail\IMG_0665.jpg,fail,train
data/raw\pass\IMG_0298.jpg,pass,train
data/raw\fail\IMG_0404.jpg,fail,train
data/raw\pass\IMG_0004.jpg,pass,train
data/raw\fail\IMG_0113.jpg,fail,train
data/raw\pass\IMG_0322.jpg,pass,train
data/raw\fail\IMG_0651.jpg,fail,train
data/raw\fail\IMG_0691.jpg,fail,train
data/raw\fail\IMG_0359.jpg,fail,train
data/raw\pass\IMG_0055.jpg,pass,train
data/raw\fail\IMG_0705.jpg,fail,train
data/raw\fail\IMG_0118.jpg,fail,train
data/raw\fail\IMG_0195.jpg,fail,train
data/raw\pass\IMG_0748.jpg,pass,train
data/raw\fail\IMG_0683.jpg,fail,train
data/raw\pass\IMG_9983.jpg,pass,train
data/raw\fail\IMG_0222.jpg,fail,train
data/raw\pass\IMG_0010.jpg,pass,train
data/raw\fail\IMG_0688.jpg,fail,train
data/raw\fail\IMG_0235.jpg,fail,train
data/raw\fail\IMG_0179.jpg,fail,train
data/raw\pass\IMG_9955.jpg,pass,train
data/raw\fail\IMG_0518.jpg,fail,train
data/raw\fail\IMG_0460.jpg,fail,train
data/raw\fail\IMG_0232.jpg,fail,train
data/raw\fail\IMG_0337.jpg,fail,train
data/raw\fail\IMG_0364.jpg,fail,train
data/raw\pass\IMG_9965.jpg,pass,train
data/raw\fail\IMG_0506.jpg,fail,train
data/raw\pass\IMG_9961.jpg,pass,train
data/raw\fail\IMG_0674.jpg,fail,train
data/raw\pass\IMG_0425.jpg,pass,train
data/raw\fail\IMG_0373.jpg,fail,train
data/raw\fail\IMG_0390.jpg,fail,train
data/raw\fail\IMG_0066.jpg,fail,train
data/raw\fail\IMG_0523.jpg,fail,train
data/raw\fail\IMG_0270.jpg,fail,train
data/raw\fail\IMG_0621.jpg,fail,train
data/raw\pass\IMG_0742.jpg,pass,train
data/raw\fail\IMG_0336.jpg,fail,train
data/raw\pass\IMG_0044.jpg,pass,train
data/raw\fail\IMG_0611.jpg,fail,train
data/raw\pass\IMG_0777.jpg,pass,train
data/raw\pass\IMG_0733.jpg,pass,train
data/raw\fail\IMG_0349.jpg,fail,train
data/raw\pass\IMG_0293.jpg,pass,train
data/raw\pass\IMG_0749.jpg,pass,train
data/raw\fail\IMG_0454.jpg,fail,train
data/raw\fail\IMG_0614.jpg,fail,train
data/raw\fail\IMG_0692.jpg,fail,train
data/raw\fail\IMG_0672.jpg,fail,train
data/raw\fail\IMG_0241.jpg,fail,train
data/raw\fail\IMG_0393.jpg,fail,train
data/raw\pass\IMG_9982.jpg,pass,train
data/raw\fail\IMG_0185.jpg,fail,train
data/raw\fail\IMG_0664.jpg,fail,train
data/raw\fail\IMG_0264.jpg,fail,train
data/raw\pass\IMG_0763.jpg,pass,train
data/raw\pass\IMG_0142.jpg,pass,train
data/raw\fail\IMG_0215.jpg,fail,train
data/raw\pass\IMG_0773.jpg,pass,train
data/raw\fail\IMG_0656.jpg,fail,train
data/raw\pass\IMG_0305.jpg,pass,train
data/raw\pass\IMG_0571.jpg,pass,train
data/raw\fail\IMG_0511.jpg,fail,train
data/raw\fail\IMG_0481.jpg,fail,train
data/raw\fail\IMG_0101.jpg,fail,train
data/raw\fail\IMG_0365.jpg,fail,train
data/raw\pass\IMG_0453.jpg,pass,train
data/raw\fail\IMG_0016.jpg,fail,train
data/raw\pass\IMG_0324.jpg,pass,train
data/raw\fail\IMG_0473.jpg,fail,train
data/raw\fail\IMG_0348.jpg,fail,train
data/raw\fail\IMG_0367.jpg,fail,train
data/raw\fail\IMG_0100.jpg,fail,train
data/raw\pass\IMG_0278.jpg,pass,train
data/raw\fail\IMG_0628.jpg,fail,train
data/raw\fail\IMG_0379.jpg,fail,train
data/raw\fail\IMG_0165.jpg,fail,train
data/raw\fail\IMG_0121.jpg,fail,train
data/raw\pass\IMG_0547.jpg,pass,train
data/raw\pass\IMG_0052.jpg,pass,train
data/raw\fail\IMG_0591.jpg,fail,train
data/raw\fail\IMG_0602.jpg,fail,train
data/raw\pass\IMG_9991.jpg,pass,train
data/raw\fail\IMG_0507.jpg,fail,train
data/raw\pass\IMG_0003.jpg,pass,train
data/raw\pass\IMG_0774.jpg,pass,train
data/raw\fail\IMG_0636.jpg,fail,train
data/raw\fail\IMG_0402.jpg,fail,train
data/raw\fail\IMG_0204.jpg,fail,train
data/raw\pass\IMG_9974.jpg,pass,train
data/raw\pass\IMG_0433.jpg,pass,train
data/raw\pass\IMG_0447.jpg,pass,train
data/raw\fail\IMG_0233.jpg,fail,train
data/raw\pass\IMG_0291.jpg,pass,train
data/raw\fail\IMG_0161.jpg,fail,train
data/raw\pass\IMG_9966.jpg,pass,train
data/raw\pass\IMG_9993.jpg,pass,train
data/raw\pass\IMG_0727.jpg,pass,train
data/raw\fail\IMG_0464.jpg,fail,train
data/raw\fail\IMG_0605.jpg,fail,train
data/raw\fail\IMG_0603.jpg,fail,train
data/raw\fail\IMG_0631.jpg,fail,train
data/raw\fail\IMG_0025.jpg,fail,train
data/raw\fail\IMG_0595.jpg,fail,train
data/raw\fail\IMG_0612.jpg,fail,train
data/raw\fail\IMG_0593.jpg,fail,train
data/raw\fail\IMG_0530.jpg,fail,train
data/raw\fail\IMG_0653.jpg,fail,train
data/raw\fail\IMG_0510.jpg,fail,train
data/raw\fail\IMG_0127.jpg,fail,train
data/raw\fail\IMG_0501.jpg,fail,train
data/raw\fail\IMG_0200.jpg,fail,train
data/raw\fail\IMG_0503.jpg,fail,train
data/raw\fail\IMG_0199.jpg,fail,train
data/raw\fail\IMG_0668.jpg,fail,train
data/raw\pass\IMG_0572.jpg,pass,train
data/raw\fail\IMG_0491.jpg,fail,train
data/raw\fail\IMG_0338.jpg,fail,train
data/raw\pass\IMG_0722.jpg,pass,train
data/raw\fail\IMG_0594.jpg,fail,train
data/raw\pass\IMG_0542.jpg,pass,train
data/raw\pass\IMG_9959.jpg,pass,train
data/raw\pass\IMG_0430.jpg,pass,train
data/raw\pass\IMG_0745.jpg,pass,train
data/raw\fail\IMG_0112.jpg,fail,train
data/raw\pass\IMG_0060.jpg,pass,train
data/raw\fail\IMG_0613.jpg,fail,train
data/raw\fail\IMG_0335.jpg,fail,train
data/raw\fail\IMG_0678.jpg,fail,train
data/raw\pass\IMG_0065.jpg,pass,val
data/raw\pass\IMG_9995.jpg,pass,val
data/raw\fail\IMG_0024.jpg,fail,val
data/raw\pass\IMG_9975.jpg,pass,val
data/raw\pass\IMG_0009.jpg,pass,val
data/raw\pass\IMG_0145.jpg,pass,val
data/raw\fail\IMG_0036.jpg,fail,val
data/raw\fail\IMG_0694.jpg,fail,val
data/raw\fail\IMG_0173.jpg,fail,val
data/raw\fail\IMG_0020.jpg,fail,val
data/raw\pass\IMG_0573.jpg,pass,val
data/raw\fail\IMG_0170.jpg,fail,val
data/raw\fail\IMG_0229.jpg,fail,val
data/raw\pass\IMG_9984.jpg,pass,val
data/raw\fail\IMG_0522.jpg,fail,val
data/raw\fail\IMG_0637.jpg,fail,val
data/raw\fail\IMG_0273.jpg,fail,val
data/raw\fail\IMG_0592.jpg,fail,val
data/raw\fail\IMG_0378.jpg,fail,val
data/raw\pass\IMG_0721.jpg,pass,val
data/raw\fail\IMG_0228.jpg,fail,val
data/raw\fail\IMG_0406.jpg,fail,val
data/raw\pass\IMG_0058.jpg,pass,val
data/raw\fail\IMG_0601.jpg,fail,val
data/raw\fail\IMG_0329.jpg,fail,val
data/raw\pass\IMG_0751.jpg,pass,val
data/raw\fail\IMG_0710.jpg,fail,val
data/raw\pass\IMG_9928.jpg,pass,val
data/raw\pass\IMG_9971.jpg,pass,val
data/raw\pass\IMG_0012.jpg,pass,val
data/raw\pass\IMG_0562.jpg,pass,val
data/raw\fail\IMG_0198.jpg,fail,val
data/raw\pass\IMG_0719.jpg,pass,val
data/raw\pass\IMG_0144.jpg,pass,val
data/raw\fail\IMG_0528.jpg,fail,val
data/raw\fail\IMG_0374.jpg,fail,val
data/raw\fail\IMG_0634.jpg,fail,val
data/raw\fail\IMG_0372.jpg,fail,val
data/raw\pass\IMG_0728.jpg,pass,val
data/raw\pass\IMG_9976.jpg,pass,val
data/raw\pass\IMG_0320.jpg,pass,val
data/raw\fail\IMG_0257.jpg,fail,val
data/raw\fail\IMG_0268.jpg,fail,val
data/raw\fail\IMG_0654.jpg,fail,val
data/raw\fail\IMG_0677.jpg,fail,val
data/raw\fail\IMG_0368.jpg,fail,val
data/raw\fail\IMG_0239.jpg,fail,val
data/raw\fail\IMG_0391.jpg,fail,val
data/raw\fail\IMG_0167.jpg,fail,val
data/raw\pass\IMG_0304.jpg,pass,val
data/raw\fail\IMG_0385.jpg,fail,val
data/raw\pass\IMG_9946.jpg,pass,val
data/raw\fail\IMG_0106.jpg,fail,val
data/raw\fail\IMG_0646.jpg,fail,val
data/raw\fail\IMG_0458.jpg,fail,val
data/raw\fail\IMG_0465.jpg,fail,val
data/raw\fail\IMG_0604.jpg,fail,val
data/raw\pass\IMG_0285.jpg,pass,val
data/raw\pass\IMG_0541.jpg,pass,val
data/raw\pass\IMG_0567.jpg,pass,val
data/raw\fail\IMG_0411.jpg,fail,val
data/raw\fail\IMG_0615.jpg,fail,val
data/raw\fail\IMG_0334.jpg,fail,val
data/raw\fail\IMG_0495.jpg,fail,val
data/raw\pass\IMG_0315.jpg,pass,val
data/raw\fail\IMG_0647.jpg,fail,val
data/raw\pass\IMG_0717.jpg,pass,val
data/raw\fail\IMG_0706.jpg,fail,val
data/raw\fail\IMG_0234.jpg,fail,val
data/raw\fail\IMG_0275.jpg,fail,val
data/raw\pass\IMG_0321.jpg,pass,val
data/raw\pass\IMG_0136.jpg,pass,val
data/raw\fail\IMG_0478.jpg,fail,val
data/raw\fail\IMG_0702.jpg,fail,val
data/raw\fail\IMG_0375.jpg,fail,val
data/raw\fail\IMG_0202.jpg,fail,val
data/raw\pass\IMG_0319.jpg,pass,val
data/raw\pass\IMG_0313.jpg,pass,val
data/raw\fail\IMG_0124.jpg,fail,val
data/raw\fail\IMG_0331.jpg,fail,val
data/raw\pass\IMG_0536.jpg,pass,val
data/raw\fail\IMG_0476.jpg,fail,val
data/raw\pass\IMG_0744.jpg,pass,val
data/raw\fail\IMG_0513.jpg,fail,val
data/raw\fail\IMG_0382.jpg,fail,val
data/raw\pass\IMG_0289.jpg,pass,val
data/raw\fail\IMG_0092.jpg,fail,val
data/raw\pass\IMG_0325.jpg,pass,val
data/raw\fail\IMG_0353.jpg,fail,val
data/raw\pass\IMG_0766.jpg,pass,val
data/raw\fail\IMG_0029.jpg,fail,val
data/raw\fail\IMG_0489.jpg,fail,val
data/raw\pass\IMG_0569.jpg,pass,val
data/raw\pass\IMG_9935.jpg,pass,val
data/raw\fail\IMG_0630.jpg,fail,val
data/raw\fail\IMG_0421.jpg,fail,val
data/raw\fail\IMG_0535.jpg,fail,val
data/raw\fail\IMG_0648.jpg,fail,val
data/raw\pass\IMG_9957.jpg,pass,val
data/raw\fail\IMG_0687.jpg,fail,val
data/raw\fail\IMG_0358.jpg,fail,val
data/raw\fail\IMG_0330.jpg,fail,val
data/raw\fail\IMG_0369.jpg,fail,val
data/raw\fail\IMG_0633.jpg,fail,val
data/raw\pass\IMG_0282.jpg,pass,val
data/raw\pass\IMG_0047.jpg,pass,val
data/raw\fail\IMG_0639.jpg,fail,val
data/raw\pass\IMG_9988.jpg,pass,val
data/raw\pass\IMG_9963.jpg,pass,val
data/raw\fail\IMG_0196.jpg,fail,val
data/raw\fail\IMG_0493.jpg,fail,val
data/raw\fail\IMG_0030.jpg,fail,val
data/raw\fail\IMG_0352.jpg,fail,val
data/raw\fail\IMG_0397.jpg,fail,val
data/raw\fail\IMG_0132.jpg,fail,val
data/raw\fail\IMG_0456.jpg,fail,val
data/raw\fail\IMG_0480.jpg,fail,val
data/raw\pass\IMG_0543.jpg,pass,val
data/raw\fail\IMG_0673.jpg,fail,val
data/raw\pass\IMG_9997.jpg,pass,val
data/raw\pass\IMG_0439.jpg,pass,val
data/raw\pass\IMG_0149.jpg,pass,val
data/raw\pass\IMG_0296.jpg,pass,val
data/raw\fail\IMG_0459.jpg,fail,val
data/raw\pass\IMG_0061.jpg,pass,test
data/raw\pass\IMG_0310.jpg,pass,test
data/raw\fail\IMG_0616.jpg,fail,test
data/raw\fail\IMG_0094.jpg,fail,test
data/raw\pass\IMG_0540.jpg,pass,test
data/raw\fail\IMG_0343.jpg,fail,test
data/raw\pass\IMG_0057.jpg,pass,test
data/raw\fail\IMG_0332.jpg,fail,test
data/raw\fail\IMG_0700.jpg,fail,test
data/raw\fail\IMG_0115.jpg,fail,test
data/raw\fail\IMG_0189.jpg,fail,test
data/raw\pass\IMG_0762.jpg,pass,test
data/raw\pass\IMG_0771.jpg,pass,test
data/raw\pass\IMG_0550.jpg,pass,test
data/raw\fail\IMG_0269.jpg,fail,test
data/raw\pass\IMG_0734.jpg,pass,test
data/raw\fail\IMG_0659.jpg,fail,test
data/raw\fail\IMG_0509.jpg,fail,test
data/raw\fail\IMG_0498.jpg,fail,test
data/raw\fail\IMG_0624.jpg,fail,test
data/raw\fail\IMG_0670.jpg,fail,test
data/raw\fail\IMG_0096.jpg,fail,test
data/raw\fail\IMG_0418.jpg,fail,test
data/raw\fail\IMG_0242.jpg,fail,test
data/raw\pass\IMG_0765.jpg,pass,test
data/raw\fail\IMG_0666.jpg,fail,test
data/raw\pass\IMG_0566.jpg,pass,test
data/raw\fail\IMG_0696.jpg,fail,test
data/raw\pass\IMG_0551.jpg,pass,test
data/raw\fail\IMG_0135.jpg,fail,test
data/raw\fail\IMG_0487.jpg,fail,test
data/raw\pass\IMG_0041.jpg,pass,test
data/raw\fail\IMG_0105.jpg,fail,test
data/raw\pass\IMG_9954.jpg,pass,test
data/raw\fail\IMG_0360.jpg,fail,test
data/raw\fail\IMG_0224.jpg,fail,test
data/raw\fail\IMG_0091.jpg,fail,test
data/raw\pass\IMG_9964.jpg,pass,test
data/raw\fail\IMG_0690.jpg,fail,test
data/raw\fail\IMG_0237.jpg,fail,test
data/raw\fail\IMG_0168.jpg,fail,test
data/raw\fail\IMG_0381.jpg,fail,test
data/raw\fail\IMG_0622.jpg,fail,test
data/raw\pass\IMG_9950.jpg,pass,test
data/raw\fail\IMG_0469.jpg,fail,test
data/raw\fail\IMG_0131.jpg,fail,test
data/raw\pass\IMG_0450.jpg,pass,test
data/raw\pass\IMG_0064.jpg,pass,test
data/raw\fail\IMG_0529.jpg,fail,test
data/raw\fail\IMG_0333.jpg,fail,test
data/raw\pass\IMG_0432.jpg,pass,test
data/raw\pass\IMG_0545.jpg,pass,test
data/raw\pass\IMG_0576.jpg,pass,test
data/raw\pass\IMG_0730.jpg,pass,test
data/raw\fail\IMG_0102.jpg,fail,test
data/raw\pass\IMG_0725.jpg,pass,test
data/raw\pass\IMG_9968.jpg,pass,test
data/raw\fail\IMG_0463.jpg,fail,test
data/raw\pass\IMG_0539.jpg,pass,test
data/raw\fail\IMG_0377.jpg,fail,test
data/raw\pass\IMG_0294.jpg,pass,test
data/raw\pass\IMG_0426.jpg,pass,test
data/raw\fail\IMG_0230.jpg,fail,test
data/raw\pass\IMG_0544.jpg,pass,test
data/raw\fail\IMG_0071.jpg,fail,test
data/raw\fail\IMG_0388.jpg,fail,test
data/raw\fail\IMG_0259.jpg,fail,test
data/raw\pass\IMG_0563.jpg,pass,test
data/raw\pass\IMG_9969.jpg,pass,test
data/raw\pass\IMG_0295.jpg,pass,test
data/raw\fail\IMG_0410.jpg,fail,test
data/raw\pass\IMG_0059.jpg,pass,test
data/raw\fail\IMG_0413.jpg,fail,test
data/raw\fail\IMG_0347.jpg,fail,test
data/raw\fail\IMG_0206.jpg,fail,test
data/raw\fail\IMG_0203.jpg,fail,test
data/raw\pass\IMG_0316.jpg,pass,test
data/raw\pass\IMG_0013.jpg,pass,test
data/raw\fail\IMG_0076.jpg,fail,test
data/raw\fail\IMG_0174.jpg,fail,test
data/raw\fail\IMG_0256.jpg,fail,test
data/raw\fail\IMG_0516.jpg,fail,test
data/raw\fail\IMG_0387.jpg,fail,test
data/raw\fail\IMG_0477.jpg,fail,test
data/raw\pass\IMG_0718.jpg,pass,test
data/raw\fail\IMG_0093.jpg,fail,test
data/raw\pass\IMG_0724.jpg,pass,test
data/raw\fail\IMG_0087.jpg,fail,test
data/raw\fail\IMG_0097.jpg,fail,test
data/raw\pass\IMG_0755.jpg,pass,test
data/raw\fail\IMG_0703.jpg,fail,test
data/raw\fail\IMG_0098.jpg,fail,test
data/raw\fail\IMG_0494.jpg,fail,test
data/raw\fail\IMG_0078.jpg,fail,test
data/raw\pass\IMG_9927.jpg,pass,test
data/raw\pass\IMG_9939.jpg,pass,test
data/raw\pass\IMG_9948.jpg,pass,test
data/raw\fail\IMG_0671.jpg,fail,test
data/raw\fail\IMG_0669.jpg,fail,test
data/raw\pass\IMG_0440.jpg,pass,test
data/raw\fail\IMG_0166.jpg,fail,test
data/raw\fail\IMG_0643.jpg,fail,test
data/raw\fail\IMG_0219.jpg,fail,test
data/raw\pass\IMG_0759.jpg,pass,test
data/raw\fail\IMG_0217.jpg,fail,test
data/raw\pass\IMG_9985.jpg,pass,test
data/raw\fail\IMG_0258.jpg,fail,test
data/raw\fail\IMG_0037.jpg,fail,test
data/raw\pass\IMG_0431.jpg,pass,test
data/raw\pass\IMG_0007.jpg,pass,test
data/raw\fail\IMG_0500.jpg,fail,test
data/raw\pass\IMG_9944.jpg,pass,test
data/raw\fail\IMG_0017.jpg,fail,test
data/raw\fail\IMG_0661.jpg,fail,test
data/raw\fail\IMG_0255.jpg,fail,test
data/raw\pass\IMG_0753.jpg,pass,test
data/raw\fail\IMG_0394.jpg,fail,test
data/raw\fail\IMG_0662.jpg,fail,test
data/raw\fail\IMG_0713.jpg,fail,test
data/raw\fail\IMG_0108.jpg,fail,test
data/raw\fail\IMG_0590.jpg,fail,test
data/raw\fail\IMG_0084.jpg,fail,test
data/raw\fail\IMG_0638.jpg,fail,test
data/raw\pass\IMG_0761.jpg,pass,test
